{
  "timestamp": "2026-01-17T00:16:05.108763",
  "test_directory": "ref/call",
  "available_methods": {
    "ffprobe_subprocess": true,
    "ffmpeg_python": false,
    "mutagen": false,
    "tinytag": false,
    "wavelib": true
  },
  "results": [
    {
      "method": "file_stat",
      "file_path": "ref/call/\ud1b5\ud654 \ub179\uc74c \uae40\uacbd\ubbfc(\ub9ac\ubc84\uc2a4\ub9c8\uc6b4\ud2f4\ub300\ud45c)_250520_170729.m4a",
      "file_size_mb": 1.9653215408325195,
      "duration_sec": 0.0,
      "execution_time_ms": 0.0854239915497601,
      "memory_before_mb": 17.7109375,
      "memory_after_mb": 17.7109375,
      "memory_peak_mb": 1.0431842803955078,
      "memory_delta_mb": 0.0,
      "cpu_time_user_ms": 0.09299999999999586,
      "cpu_time_system_ms": 0.0,
      "success": true,
      "error": null
    },
    {
      "method": "ffprobe_subprocess",
      "file_path": "ref/call/\ud1b5\ud654 \ub179\uc74c \uae40\uacbd\ubbfc(\ub9ac\ubc84\uc2a4\ub9c8\uc6b4\ud2f4\ub300\ud45c)_250520_170729.m4a",
      "file_size_mb": 1.9653215408325195,
      "duration_sec": 124.392729,
      "execution_time_ms": 44.38619001302868,
      "memory_before_mb": 17.45703125,
      "memory_after_mb": 17.4609375,
      "memory_peak_mb": 0.06281280517578125,
      "memory_delta_mb": 0.00390625,
      "cpu_time_user_ms": 1.0639999999999956,
      "cpu_time_system_ms": 0.0,
      "success": true,
      "error": null
    },
    {
      "method": "wavelib",
      "file_path": "ref/call/\ud1b5\ud654 \ub179\uc74c \uae40\uacbd\ubbfc(\ub9ac\ubc84\uc2a4\ub9c8\uc6b4\ud2f4\ub300\ud45c)_250520_170729.m4a",
      "file_size_mb": 1.9653215408325195,
      "duration_sec": 0.0,
      "execution_time_ms": 1.5654710005037487,
      "memory_before_mb": 17.4609375,
      "memory_after_mb": 17.50390625,
      "memory_peak_mb": 0.12484931945800781,
      "memory_delta_mb": 0.04296875,
      "cpu_time_user_ms": 1.361000000000001,
      "cpu_time_system_ms": 0.0,
      "success": true,
      "error": null
    },
    {
      "method": "file_stat",
      "file_path": "ref/call/\ud1b5\ud654 \ub179\uc74c \uae40\uacbd\ubbfc(\ub9ac\ubc84\uc2a4\ub9c8\uc6b4\ud2f4\ub300\ud45c)_250522_142641.m4a",
      "file_size_mb": 4.342644691467285,
      "duration_sec": 0.0,
      "execution_time_ms": 0.033520045690238476,
      "memory_before_mb": 17.5078125,
      "memory_after_mb": 17.5078125,
      "memory_peak_mb": 0.04214286804199219,
      "memory_delta_mb": 0.0,
      "cpu_time_user_ms": 0.03600000000000825,
      "cpu_time_system_ms": 0.0,
      "success": true,
      "error": null
    },
    {
      "method": "ffprobe_subprocess",
      "file_path": "ref/call/\ud1b5\ud654 \ub179\uc74c \uae40\uacbd\ubbfc(\ub9ac\ubc84\uc2a4\ub9c8\uc6b4\ud2f4\ub300\ud45c)_250522_142641.m4a",
      "file_size_mb": 4.342644691467285,
      "duration_sec": 281.040938,
      "execution_time_ms": 47.03954898286611,
      "memory_before_mb": 17.5078125,
      "memory_after_mb": 17.51171875,
      "memory_peak_mb": 0.0625009536743164,
      "memory_delta_mb": 0.00390625,
      "cpu_time_user_ms": 0.7579999999999948,
      "cpu_time_system_ms": 0.0,
      "success": true,
      "error": null
    },
    {
      "method": "wavelib",
      "file_path": "ref/call/\ud1b5\ud654 \ub179\uc74c \uae40\uacbd\ubbfc(\ub9ac\ubc84\uc2a4\ub9c8\uc6b4\ud2f4\ub300\ud45c)_250522_142641.m4a",
      "file_size_mb": 4.342644691467285,
      "duration_sec": 0.0,
      "execution_time_ms": 0.07769599324092269,
      "memory_before_mb": 17.51171875,
      "memory_after_mb": 17.51171875,
      "memory_peak_mb": 0.04221916198730469,
      "memory_delta_mb": 0.0,
      "cpu_time_user_ms": 0.08500000000000174,
      "cpu_time_system_ms": 0.0,
      "success": true,
      "error": null
    },
    {
      "method": "file_stat",
      "file_path": "ref/call/\ud1b5\ud654 \ub179\uc74c \uae40\uacbd\ubbfc_250515_155033.m4a",
      "file_size_mb": 2.660336494445801,
      "duration_sec": 0.0,
      "execution_time_ms": 0.06652803858742118,
      "memory_before_mb": 17.51171875,
      "memory_after_mb": 17.51171875,
      "memory_peak_mb": 0.04209709167480469,
      "memory_delta_mb": 0.0,
      "cpu_time_user_ms": 0.07200000000000262,
      "cpu_time_system_ms": 0.0,
      "success": true,
      "error": null
    },
    {
      "method": "ffprobe_subprocess",
      "file_path": "ref/call/\ud1b5\ud654 \ub179\uc74c \uae40\uacbd\ubbfc_250515_155033.m4a",
      "file_size_mb": 2.660336494445801,
      "duration_sec": 169.064021,
      "execution_time_ms": 42.00115200364962,
      "memory_before_mb": 17.51171875,
      "memory_after_mb": 17.51171875,
      "memory_peak_mb": 0.062447547912597656,
      "memory_delta_mb": 0.0,
      "cpu_time_user_ms": 1.0000000000000009,
      "cpu_time_system_ms": 0.0,
      "success": true,
      "error": null
    },
    {
      "method": "wavelib",
      "file_path": "ref/call/\ud1b5\ud654 \ub179\uc74c \uae40\uacbd\ubbfc_250515_155033.m4a",
      "file_size_mb": 2.660336494445801,
      "duration_sec": 0.0,
      "execution_time_ms": 0.03603199729695916,
      "memory_before_mb": 17.51171875,
      "memory_after_mb": 17.51171875,
      "memory_peak_mb": 0.04219627380371094,
      "memory_delta_mb": 0.0,
      "cpu_time_user_ms": 0.03999999999999837,
      "cpu_time_system_ms": 0.0,
      "success": true,
      "error": null
    },
    {
      "method": "file_stat",
      "file_path": "ref/call/\ud1b5\ud654 \ub179\uc74c \uc2e0\uae30\uc5f0_250603_201127.m4a",
      "file_size_mb": 3.6618051528930664,
      "duration_sec": 0.0,
      "execution_time_ms": 0.04089600406587124,
      "memory_before_mb": 17.51171875,
      "memory_after_mb": 17.515625,
      "memory_peak_mb": 0.04208946228027344,
      "memory_delta_mb": 0.00390625,
      "cpu_time_user_ms": 0.04400000000000237,
      "cpu_time_system_ms": 0.0,
      "success": true,
      "error": null
    },
    {
      "method": "ffprobe_subprocess",
      "file_path": "ref/call/\ud1b5\ud654 \ub179\uc74c \uc2e0\uae30\uc5f0_250603_201127.m4a",
      "file_size_mb": 3.6618051528930664,
      "duration_sec": 236.966958,
      "execution_time_ms": 46.69529298553243,
      "memory_before_mb": 17.515625,
      "memory_after_mb": 17.515625,
      "memory_peak_mb": 0.062409400939941406,
      "memory_delta_mb": 0.0,
      "cpu_time_user_ms": 0.0,
      "cpu_time_system_ms": 0.7299999999999989,
      "success": true,
      "error": null
    },
    {
      "method": "wavelib",
      "file_path": "ref/call/\ud1b5\ud654 \ub179\uc74c \uc2e0\uae30\uc5f0_250603_201127.m4a",
      "file_size_mb": 3.6618051528930664,
      "duration_sec": 0.0,
      "execution_time_ms": 0.0701919780112803,
      "memory_before_mb": 17.515625,
      "memory_after_mb": 17.515625,
      "memory_peak_mb": 0.04219627380371094,
      "memory_delta_mb": 0.0,
      "cpu_time_user_ms": 0.07200000000000262,
      "cpu_time_system_ms": 0.005999999999999062,
      "success": true,
      "error": null
    },
    {
      "method": "file_stat",
      "file_path": "ref/call/\ud1b5\ud654 \ub179\uc74c \uc2e0\uae30\uc5f0_250604_170850.m4a",
      "file_size_mb": 0.9730873107910156,
      "duration_sec": 0.0,
      "execution_time_ms": 0.06499199662357569,
      "memory_before_mb": 17.515625,
      "memory_after_mb": 17.515625,
      "memory_peak_mb": 0.04208946228027344,
      "memory_delta_mb": 0.0,
      "cpu_time_user_ms": 0.06699999999999762,
      "cpu_time_system_ms": 0.005999999999999062,
      "success": true,
      "error": null
    },
    {
      "method": "ffprobe_subprocess",
      "file_path": "ref/call/\ud1b5\ud654 \ub179\uc74c \uc2e0\uae30\uc5f0_250604_170850.m4a",
      "file_size_mb": 0.9730873107910156,
      "duration_sec": 62.932354,
      "execution_time_ms": 40.36571201868355,
      "memory_before_mb": 17.515625,
      "memory_after_mb": 17.515625,
      "memory_peak_mb": 0.062371253967285156,
      "memory_delta_mb": 0.0,
      "cpu_time_user_ms": 1.0199999999999931,
      "cpu_time_system_ms": 0.0,
      "success": true,