{
  "timestamp": "2026-01-17T00:17:47.292991",
  "test_directory": "ref/call",
  "available_methods": {
    "ffprobe_subprocess": true,
    "ffmpeg_python": true,
    "mutagen": true,
    "tinytag": true,
    "wavelib": true
  },
  "results": [
    {
      "method": "file_stat",
      "file_path": "ref/call/\ud1b5\ud654 \ub179\uc74c \uae40\uacbd\ubbfc(\ub9ac\ubc84\uc2a4\ub9c8\uc6b4\ud2f4\ub300\ud45c)_250520_170729.m4a",
      "file_size_mb": 1.9653215408325195,
      "duration_sec": 0.0,
      "execution_time_ms": 0.05315197631716728,
      "memory_before_mb": 24.66015625,
      "memory_after_mb": 24.66015625,
      "memory_peak_mb": 1.007786750793457,
      "memory_delta_mb": 0.0,
      "cpu_time_user_ms": 0.058999999999989616,
      "cpu_time_system_ms": 0.0,
      "success": true,
      "error": null
    },
    {
      "method": "ffprobe_subprocess",
      "file_path": "ref/call/\ud1b5\ud654 \ub179\uc74c \uae40\uacbd\ubbfc(\ub9ac\ubc84\uc2a4\ub9c8\uc6b4\ud2f4\ub300\ud45c)_250520_170729.m4a",
      "file_size_mb": 1.9653215408325195,
      "duration_sec": 124.392729,
      "execution_time_ms": 25.656783021986485,
      "memory_before_mb": 24.66015625,
      "memory_after_mb": 24.66015625,
      "memory_peak_mb": 0.0625152587890625,
      "memory_delta_mb": 0.0,
      "cpu_time_user_ms": 0.7680000000000048,
      "cpu_time_system_ms": 0.0,
      "success": true,
      "error": null
    },
    {
      "method": "ffmpeg_python",
      "file_path": "ref/call/\ud1b5\ud654 \ub179\uc74c \uae40\uacbd\ubbfc(\ub9ac\ubc84\uc2a4\ub9c8\uc6b4\ud2f4\ub300\ud45c)_250520_170729.m4a",
      "file_size_mb": 1.9653215408325195,
      "duration_sec": 124.392729,
      "execution_time_ms": 27.942318003624678,
      "memory_before_mb": 24.66015625,
      "memory_after_mb": 24.66015625,
      "memory_peak_mb": 0.06083202362060547,
      "memory_delta_mb": 0.0,
      "cpu_time_user_ms": 1.0010000000000019,
      "cpu_time_system_ms": 0.012999999999999123,
      "success": true,
      "error": null
    },
    {
      "method": "mutagen",
      "file_path": "ref/call/\ud1b5\ud654 \ub179\uc74c \uae40\uacbd\ubbfc(\ub9ac\ubc84\uc2a4\ub9c8\uc6b4\ud2f4\ub300\ud45c)_250520_170729.m4a",
      "file_size_mb": 1.9653215408325195,
      "duration_sec": 0.0,
      "execution_time_ms": 181.35290802456439,
      "memory_before_mb": 24.66015625,
      "memory_after_mb": 29.83984375,
      "memory_peak_mb": 5.05183219909668,
      "memory_delta_mb": 5.1796875,
      "cpu_time_user_ms": 175.52,
      "cpu_time_system_ms": 5.821,
      "success": true,
      "error": null
    },
    {
      "method": "tinytag",
      "file_path": "ref/call/\ud1b5\ud654 \ub179\uc74c \uae40\uacbd\ubbfc(\ub9ac\ubc84\uc2a4\ub9c8\uc6b4\ud2f4\ub300\ud45c)_250520_170729.m4a",
      "file_size_mb": 1.9653215408325195,
      "duration_sec": 124.3927,
      "execution_time_ms": 0.5559669807553291,
      "memory_before_mb": 29.3359375,
      "memory_after_mb": 29.33984375,
      "memory_peak_mb": 0.06050586700439453,
      "memory_delta_mb": 0.00390625,
      "cpu_time_user_ms": 0.5279999999999729,
      "cpu_time_system_ms": 0.03399999999999931,
      "success": true,
      "error": null
    },
    {
      "method": "wavelib",
      "file_path": "ref/call/\ud1b5\ud654 \ub179\uc74c \uae40\uacbd\ubbfc(\ub9ac\ubc84\uc2a4\ub9c8\uc6b4\ud2f4\ub300\ud45c)_250520_170729.m4a",
      "file_size_mb": 1.9653215408325195,
      "duration_sec": 0.0,
      "execution_time_ms": 1.2257269700057805,
      "memory_before_mb": 29.33984375,
      "memory_after_mb": 29.34375,
      "memory_peak_mb": 0.124969482421875,
      "memory_delta_mb": 0.00390625,
      "cpu_time_user_ms": 1.2240000000000029,
      "cpu_time_system_ms": 0.006000000000002531,
      "success": true,
      "error": null
    },
    {
      "method": "file_stat",
      "file_path": "ref/call/\ud1b5\ud654 \ub179\uc74c \uae40\uacbd\ubbfc(\ub9ac\ubc84\uc2a4\ub9c8\uc6b4\ud2f4\ub300\ud45c)_250522_142641.m4a",
      "file_size_mb": 4.342644691467285,
      "duration_sec": 0.0,
      "execution_time_ms": 0.03844802267849445,
      "memory_before_mb": 29.34375,
      "memory_after_mb": 29.34375,
      "memory_peak_mb": 0.04238700866699219,
      "memory_delta_mb": 0.0,
      "cpu_time_user_ms": 0.04199999999998649,
      "cpu_time_system_ms": 0.0,
      "success": true,
      "error": null
    },
    {
      "method": "ffprobe_subprocess",
      "file_path": "ref/call/\ud1b5\ud654 \ub179\uc74c \uae40\uacbd\ubbfc(\ub9ac\ubc84\uc2a4\ub9c8\uc6b4\ud2f4\ub300\ud45c)_250522_142641.m4a",
      "file_size_mb": 4.342644691467285,
      "duration_sec": 281.040938,
      "execution_time_ms": 39.48279097676277,
      "memory_before_mb": 29.34375,
      "memory_after_mb": 29.34375,
      "memory_peak_mb": 0.062188148498535156,
      "memory_delta_mb": 0.0,
      "cpu_time_user_ms": 0.0,
      "cpu_time_system_ms": 0.9310000000000013,
      "success": true,
      "error": null
    },
    {
      "method": "ffmpeg_python",
      "file_path": "ref/call/\ud1b5\ud654 \ub179\uc74c \uae40\uacbd\ubbfc(\ub9ac\ubc84\uc2a4\ub9c8\uc6b4\ud2f4\ub300\ud45c)_250522_142641.m4a",
      "file_size_mb": 4.342644691467285,
      "duration_sec": 281.040938,
      "execution_time_ms": 28.546765039209276,
      "memory_before_mb": 29.34375,
      "memory_after_mb": 29.34375,
      "memory_peak_mb": 0.06081676483154297,
      "memory_delta_mb": 0.0,
      "cpu_time_user_ms": 0.8179999999999854,
      "cpu_time_system_ms": 0.0,
      "success": true,
      "error": null
    },
    {
      "method": "mutagen",
      "file_path": "ref/call/\ud1b5\ud654 \ub179\uc74c \uae40\uacbd\ubbfc(\ub9ac\ubc84\uc2a4\ub9c8\uc6b4\ud2f4\ub300\ud45c)_250522_142641.m4a",
      "file_size_mb": 4.342644691467285,
      "duration_sec": 0.0,
      "execution_time_ms": 0.38152001798152924,
      "memory_before_mb": 29.34375,
      "memory_after_mb": 29.34375,
      "memory_peak_mb": 0.04665946960449219,
      "memory_delta_mb": 0.0,
      "cpu_time_user_ms": 0.3870000000000262,
      "cpu_time_system_ms": 0.0,
      "success": true,
      "error": null
    },
    {
      "method": "tinytag",
      "file_path": "ref/call/\ud1b5\ud654 \ub179\uc74c \uae40\uacbd\ubbfc(\ub9ac\ubc84\uc2a4\ub9c8\uc6b4\ud2f4\ub300\ud45c)_250522_142641.m4a",
      "file_size_mb": 4.342644691467285,
      "duration_sec": 281.0409,
      "execution_time_ms": 0.356607954017818,
      "memory_before_mb": 29.34375,
      "memory_after_mb": 29.34375,
      "memory_peak_mb": 0.04262351989746094,
      "memory_delta_mb": 0.0,
      "cpu_time_user_ms": 0.3610000000000002,
      "cpu_time_system_ms": 0.0,
      "success": true,
      "error": null
    },
    {
      "method": "wavelib",
      "file_path": "ref/call/\ud1b5\ud654 \ub179\uc74c \uae40\uacbd\ubbfc(\ub9ac\ubc84\uc2a4\ub9c8\uc6b4\ud2f4\ub300\ud45c)_250522_142641.m4a",
      "file_size_mb": 4.342644691467285,
      "duration_sec": 0.0,
      "execution_time_ms": 0.04270399222150445,
      "memory_before_mb": 29.34375,
      "memory_after_mb": 29.34375,
      "memory_peak_mb": 0.04237174987792969,
      "memory_delta_mb": 0.0,
      "cpu_time_user_ms": 0.04699999999996374,
      "cpu_time_system_ms": 0.0,
      "success": true,
      "error": null
    },
    {
      "method": "file_stat",
      "file_path": "ref/call/\ud1b5\ud654 \ub179\uc74c \uae40\uacbd\ubbfc_250515_155033.m4a",
      "file_size_mb": 2.660336494445801,
      "duration_sec": 0.0,
      "execution_time_ms": 0.04129600711166859,
      "memory_before_mb": 29.34375,
      "memory_after_mb": 29.34375,
      "memory_peak_mb": 0.04237937927246094,
      "memory_delta_mb": 0.0,
      "cpu_time_user_ms": 0.04500000000001725,
      "cpu_time_system_ms": 0.0,
      "success": true,
      "error": null
    },
    {
      "method": "ffprobe_subprocess",
      "file_path": "ref/call/\ud1b5\ud654 \ub179\uc74c \uae40\uacbd\ubbfc_250515_155033.m4a",
      "file_size_mb": 2.660336494445801,
      "duration_sec": 169.064021,