{
  "batch_id": "batch_23",
  "batch_index": 23,
  "processed_files": [
    "ref/call/통화 녹음 김경민(리버스마운틴대표)_250520_170729.m4a",
    "ref/call/통화 녹음 김경민(리버스마운틴대표)_250522_142641.m4a",
    "ref/call/통화 녹음 김경민_250515_155033.m4a",
    "ref/call/통화 녹음 신기연_250603_201127.m4a",
    "ref/call/통화 녹음 신기연_250604_170850.m4a",
    "ref/call/통화 녹음 신기연_250605_101141.m4a",
    "ref/call/통화 녹음 신기연_250605_160838.m4a",
    "ref/call/통화 녹음 신기연_250609_211005.m4a",
    "ref/call/통화 녹음 신기연_250610_105838.m4a",
    "ref/call/통화 녹음 신기연_250610_145719.m4a"
  ],
  "failed_files": [],
  "pending_files": [
    "ref/call/통화 녹음 신동식(3D개발자)_250609_171452.m4a",
    "ref/call/통화 녹음 신동식(3D개발자)_250609_171843.m4a",
    "ref/call/통화 녹음 신동식(3D개발자)_250610_164555.m4a",
    "ref/call/통화 녹음 신동식(3D개발자)_250617_124005.m4a",
    "ref/call/통화 녹음 신동식(3D개발자)_250620_152604.m4a",
    "ref/call/통화 녹음 신동식(3D개발자)_250628_212622.m4a",
    "ref/call/통화 녹음 신동식(3D개발자)_250709_194744.m4a",
    "ref/call/통화 녹음 신동식(3D개발자)_250714_142407.m4a",
    "ref/call/통화 녹음 신동식(3D개발자)_250718_191555.m4a",
    "ref/call/통화 녹음 신동식(3D개발자)_250826_121818.m4a",
    "ref/call/통화 녹음 신동식(3D개발자)_250926_181835.m4a",
    "ref/call/통화 녹음 신동식(3D개발자)_251118_170226.m4a",
    "ref/call/통화 녹음 신동식(3D개발자)_251210_184229.m4a"
  ],
  "results": {
    "batch_number": 23,
    "total_files": 10,
    "successful": 0,
    "failed": 0,
    "skipped": 10,
    "retries": 0,
    "duration_seconds": 0.489989,
    "errors": []
  },
  "timestamp": "2026-01-16T15:47:11.782125+00:00",
  "metadata": {}
}