{
  "batch_id": "batch_26",
  "batch_index": 26,
  "processed_files": [
    "ref/call/통화 녹음 신기연_250709_100229.m4a",
    "ref/call/통화 녹음 신기연_250709_100931.m4a",
    "ref/call/통화 녹음 신기연_250709_190523.m4a",
    "ref/call/통화 녹음 신기연_250711_190642.m4a",
    "ref/call/통화 녹음 신기연_250714_112846.m4a",
    "ref/call/통화 녹음 신기연_250715_084133.m4a",
    "ref/call/통화 녹음 신기연_250715_183314.m4a",
    "ref/call/통화 녹음 신기연_250715_191053.m4a",
    "ref/call/통화 녹음 신기연_250716_163116.m4a",
    "ref/call/통화 녹음 신기연_250716_165013.m4a"
  ],
  "failed_files": [],
  "pending_files": [
    "ref/call/통화 녹음 신동식(3D개발자)_250609_171452.m4a",
    "ref/call/통화 녹음 신동식(3D개발자)_250609_171843.m4a",
    "ref/call/통화 녹음 신동식(3D개발자)_250610_164555.m4a",
    "ref/call/통화 녹음 신동식(3D개발자)_250617_124005.m4a",
    "ref/call/통화 녹음 신동식(3D개발자)_250620_152604.m4a",
    "ref/call/통화 녹음 신동식(3D개발자)_250628_212622.m4a",
    "ref/call/통화 녹음 신동식(3D개발자)_250709_194744.m4a",
    "ref/call/통화 녹음 신동식(3D개발자)_250714_142407.m4a",
    "ref/call/통화 녹음 신동식(3D개발자)_250718_191555.m4a",
    "ref/call/통화 녹음 신동식(3D개발자)_250826_121818.m4a",
    "ref/call/통화 녹음 신동식(3D개발자)_250926_181835.m4a",
    "ref/call/통화 녹음 신동식(3D개발자)_251118_170226.m4a",
    "ref/call/통화 녹음 신동식(3D개발자)_251210_184229.m4a"
  ],
  "results": {
    "batch_number": 26,
    "total_files": 10,
    "successful": 0,
    "failed": 0,
    "skipped": 10,
    "retries": 0,
    "duration_seconds": 1.893698,
    "errors": []
  },
  "timestamp": "2026-01-16T15:47:17.783249+00:00",
  "metadata": {}
}