{
  "batch_id": "batch_22",
  "batch_index": 22,
  "processed_files": [
    "ref/call/통화 녹음 신기연_250731_093334.m4a",
    "ref/call/통화 녹음 신기연_250731_100448.m4a",
    "ref/call/통화 녹음 신기연_250731_100651.m4a"
  ],
  "failed_files": [],
  "pending_files": [
    "ref/call/통화 녹음 신기연_250802_172150.m4a",
    "ref/call/통화 녹음 신기연_250804_145607.m4a",
    "ref/call/통화 녹음 신동식(3D개발자)_250606_175252.m4a",
    "ref/call/통화 녹음 신동식(3D개발자)_250609_171452.m4a",
    "ref/call/통화 녹음 신동식(3D개발자)_250609_171843.m4a",
    "ref/call/통화 녹음 신동식(3D개발자)_250610_164555.m4a",
    "ref/call/통화 녹음 신동식(3D개발자)_250617_124005.m4a",
    "ref/call/통화 녹음 신동식(3D개발자)_250620_152604.m4a",
    "ref/call/통화 녹음 신동식(3D개발자)_250628_212622.m4a",
    "ref/call/통화 녹음 신동식(3D개발자)_250709_194744.m4a",
    "ref/call/통화 녹음 신동식(3D개발자)_250714_142407.m4a",
    "ref/call/통화 녹음 신동식(3D개발자)_250718_191555.m4a",
    "ref/call/통화 녹음 신동식(3D개발자)_250826_121818.m4a",
    "ref/call/통화 녹음 신동식(3D개발자)_250926_181835.m4a",
    "ref/call/통화 녹음 신동식(3D개발자)_251118_170226.m4a",
    "ref/call/통화 녹음 신동식(3D개발자)_251210_184229.m4a"
  ],
  "results": {
    "batch_number": 22,
    "total_files": 3,
    "successful": 3,
    "failed": 0,
    "skipped": 0,
    "retries": 0,
    "duration_seconds": 410.967164,
    "errors": []
  },
  "timestamp": "2026-01-16T05:40:29.877561+00:00",
  "metadata": {}
}