{
  "batch_id": "batch_24",
  "batch_index": 24,
  "processed_files": [
    "ref/call/통화 녹음 신기연_250611_100034.m4a",
    "ref/call/통화 녹음 신기연_250611_221328.m4a",
    "ref/call/통화 녹음 신기연_250612_172535.m4a",
    "ref/call/통화 녹음 신기연_250613_125538.m4a",
    "ref/call/통화 녹음 신기연_250614_125538.m4a",
    "ref/call/통화 녹음 신기연_250618_101858.m4a",
    "ref/call/통화 녹음 신기연_250618_103100.m4a",
    "ref/call/통화 녹음 신기연_250618_195149.m4a",
    "ref/call/통화 녹음 신기연_250619_104738.m4a",
    "ref/call/통화 녹음 신기연_250620_145742.m4a"
  ],
  "failed_files": [],
  "pending_files": [
    "ref/call/통화 녹음 신동식(3D개발자)_250609_171452.m4a",
    "ref/call/통화 녹음 신동식(3D개발자)_250609_171843.m4a",
    "ref/call/통화 녹음 신동식(3D개발자)_250610_164555.m4a",
    "ref/call/통화 녹음 신동식(3D개발자)_250617_124005.m4a",
    "ref/call/통화 녹음 신동식(3D개발자)_250620_152604.m4a",
    "ref/call/통화 녹음 신동식(3D개발자)_250628_212622.m4a",
    "ref/call/통화 녹음 신동식(3D개발자)_250709_194744.m4a",
    "ref/call/통화 녹음 신동식(3D개발자)_250714_142407.m4a",
    "ref/call/통화 녹음 신동식(3D개발자)_250718_191555.m4a",
    "ref/call/통화 녹음 신동식(3D개발자)_250826_121818.m4a",
    "ref/call/통화 녹음 신동식(3D개발자)_250926_181835.m4a",
    "ref/call/통화 녹음 신동식(3D개발자)_251118_170226.m4a",
    "ref/call/통화 녹음 신동식(3D개발자)_251210_184229.m4a"
  ],
  "results": {
    "batch_number": 24,
    "total_files": 10,
    "successful": 0,
    "failed": 0,
    "skipped": 10,
    "retries": 0,
    "duration_seconds": 2.007538,
    "errors": []
  },
  "timestamp": "2026-01-16T15:47:13.810601+00:00",
  "metadata": {}
}