{
  "batch_id": "batch_25",
  "batch_index": 25,
  "processed_files": [
    "ref/call/통화 녹음 신기연_250620_161153.m4a",
    "ref/call/통화 녹음 신기연_250620_182819.m4a",
    "ref/call/통화 녹음 신기연_250621_093240.m4a",
    "ref/call/통화 녹음 신기연_250701_160139.m4a",
    "ref/call/통화 녹음 신기연_250703_183159.m4a",
    "ref/call/통화 녹음 신기연_250704_183705.m4a",
    "ref/call/통화 녹음 신기연_250707_101551.m4a",
    "ref/call/통화 녹음 신기연_250707_130850.m4a",
    "ref/call/통화 녹음 신기연_250708_100131.m4a",
    "ref/call/통화 녹음 신기연_250708_102551.m4a"
  ],
  "failed_files": [],
  "pending_files": [
    "ref/call/통화 녹음 신동식(3D개발자)_250609_171452.m4a",
    "ref/call/통화 녹음 신동식(3D개발자)_250609_171843.m4a",
    "ref/call/통화 녹음 신동식(3D개발자)_250610_164555.m4a",
    "ref/call/통화 녹음 신동식(3D개발자)_250617_124005.m4a",
    "ref/call/통화 녹음 신동식(3D개발자)_250620_152604.m4a",
    "ref/call/통화 녹음 신동식(3D개발자)_250628_212622.m4a",
    "ref/call/통화 녹음 신동식(3D개발자)_250709_194744.m4a",
    "ref/call/통화 녹음 신동식(3D개발자)_250714_142407.m4a",
    "ref/call/통화 녹음 신동식(3D개발자)_250718_191555.m4a",
    "ref/call/통화 녹음 신동식(3D개발자)_250826_121818.m4a",
    "ref/call/통화 녹음 신동식(3D개발자)_250926_181835.m4a",
    "ref/call/통화 녹음 신동식(3D개발자)_251118_170226.m4a",
    "ref/call/통화 녹음 신동식(3D개발자)_251210_184229.m4a"
  ],
  "results": {
    "batch_number": 25,
    "total_files": 10,
    "successful": 0,
    "failed": 0,
    "skipped": 10,
    "retries": 0,
    "duration_seconds": 2.038998,
    "errors": []
  },
  "timestamp": "2026-01-16T15:47:15.869802+00:00",
  "metadata": {}
}