{
  "batch_id": "batch_27",
  "batch_index": 27,
  "processed_files": [
    "ref/call/통화 녹음 신기연_250717_191614.m4a",
    "ref/call/통화 녹음 신기연_250719_224743.m4a",
    "ref/call/통화 녹음 신기연_250721_092127.m4a",
    "ref/call/통화 녹음 신기연_250723_211739.m4a",
    "ref/call/통화 녹음 신기연_250724_195356.m4a",
    "ref/call/통화 녹음 신기연_250725_083807.m4a",
    "ref/call/통화 녹음 신기연_250725_103215.m4a",
    "ref/call/통화 녹음 신기연_250725_105937.m4a",
    "ref/call/통화 녹음 신기연_250731_093334.m4a",
    "ref/call/통화 녹음 신기연_250731_100448.m4a"
  ],
  "failed_files": [],
  "pending_files": [
    "ref/call/통화 녹음 신동식(3D개발자)_250609_171452.m4a",
    "ref/call/통화 녹음 신동식(3D개발자)_250609_171843.m4a",
    "ref/call/통화 녹음 신동식(3D개발자)_250610_164555.m4a",
    "ref/call/통화 녹음 신동식(3D개발자)_250617_124005.m4a",
    "ref/call/통화 녹음 신동식(3D개발자)_250620_152604.m4a",
    "ref/call/통화 녹음 신동식(3D개발자)_250628_212622.m4a",
    "ref/call/통화 녹음 신동식(3D개발자)_250709_194744.m4a",
    "ref/call/통화 녹음 신동식(3D개발자)_250714_142407.m4a",
    "ref/call/통화 녹음 신동식(3D개발자)_250718_191555.m4a",
    "ref/call/통화 녹음 신동식(3D개발자)_250826_121818.m4a",
    "ref/call/통화 녹음 신동식(3D개발자)_250926_181835.m4a",
    "ref/call/통화 녹음 신동식(3D개발자)_251118_170226.m4a",
    "ref/call/통화 녹음 신동식(3D개발자)_251210_184229.m4a"
  ],
  "results": {
    "batch_number": 27,
    "total_files": 10,
    "successful": 0,
    "failed": 0,
    "skipped": 10,
    "retries": 0,
    "duration_seconds": 1.940372,
    "errors": []
  },
  "timestamp": "2026-01-16T15:47:19.744493+00:00",
  "metadata": {}
}